<?xml version="1.0"?>
<!DOCTYPE timetabling SYSTEM "usp_validator.dtd">
<timetabling xmlns:xsi="http://www.w3.org/2001/XMLSchema-instance" xsi:noNamespaceSchemaLocation="usp_timetabling_v0_1.xsd"
    name="ua_l3info_20s6_w12d5s8_e0r5t2g4_s44_dw" nrWeeks="12" nrDaysPerWeek="5" nrSlotsPerDay="8">
    <calendar>
        <startingYear>2021-01-04</startingYear>
        <weeks>
            <week>1</week>
            <week>2</week>
            <week>3</week>
            <week>4</week>
            <week>5</week>
            <week>6</week>
            <week>7</week>
            <week>8</week><!-- semaine 9 de vacances-->
            <week>10</week>
            <week>11</week>
            <week>12</week>
            <week>13</week>
        </weeks>
        <weekDays>
            <weekDay>1</weekDay>
            <weekDay>2</weekDay>
            <weekDay>3</weekDay>
            <weekDay>4</weekDay>
            <weekDay>5</weekDay>
        </weekDays>
        <daySlotTimes duration="80">
            <daySlotTime>08:00:00</daySlotTime>
            <daySlotTime>09:30:00</daySlotTime>
            <daySlotTime>11:00:00</daySlotTime>
            <daySlotTime>12:30:00</daySlotTime>
            <daySlotTime>14:00:00</daySlotTime>
            <daySlotTime>15:30:00</daySlotTime>
            <daySlotTime>17:00:00</daySlotTime>
            <daySlotTime>18:30:00</daySlotTime>
        </daySlotTimes>
    </calendar>

    <!-- pas d'équipements déclarés -->
 
    <!-- une salle, réelle ou virtuelle, ne peut accueillir qu'une séance par créneau -->
    <!-- les plages de fermeture des salles se formulent par contraintes -->
    <!-- les profils de salles à capacité variable se formulent par contraintes -->
    <rooms>
		<!-- `capacity` : capacité d'accueil maximum d'une salle en nombre d'étudiants -->
		    <!-- `capacity>=-1` -->
		    <!-- `capacity==1` : capacité illimitée -->
		<!-- `label` (optionnel) : étiquette ou liste d'étiquettes quelconques pour une salle -->
		<room id="AMPHI-A" capacity="90" label="BATIMENT-A"/>
		<room id="AMPHI-B" capacity="286" label="BATIMENT-A"/>
		<room id="H001" capacity="20" label="BATIMENT-H"/>
		<room id="H002" capacity="42" label="BATIMENT-H"/>
		<room id="H003" capacity="38" label="BATIMENT-H"/>
    </rooms>

    <!-- un enseignant ne peut dispenser qu'une séance par créneau -->
    <!-- les plages d'absences des enseignants se formulent par contraintes -->
    <teachers>
        <!-- `label` (optionnel) : étiquette ou liste d'étiquettes quelconques pour un enseignant -->
        <teacher id="LESAINT David" label="DEPARTEMENT-INFORMATIQUE"/>
        <teacher id="JAMIN Antoine" label="DEPARTEMENT-INFORMATIQUE"/>
    </teachers>

    <!-- un groupe ne peut assister qu'à une séance par créneau -->
    <!-- codification des options : (i = Images de synthèse, p = traitement de données en Python, q = Qt, s = Systèmes intelligents) -->
    <!-- les plages d'indisponibilité des groupes se formulent par contraintes -->
    <groups>
        <!-- `size` : nombre d'étudiants d'un groupe -->
            <!-- `size>=1` -->
        <!-- `label` (optionnel) : étiquette ou liste d'étiquettes quelconques pour un groupe -->
        <group id="1-td1-tp1-pq" size="18" label="L3-INFORMATIQUE,TD1,TP1" />
        <group id="2-td1-tp3-ps" size="22" label="L3-INFORMATIQUE,TD1,TP3" />
        <group id="3-td2-tp2-is" size="10" label="L3-INFORMATIQUE,TD2,TP2" />
        <group id="4-td2-tp2-qs" size="17" label="L3-INFORMATIQUE,TD2,TP2" />
    </groups>

    <courses>
        <!-- `label` (optionnel) : étiquette ou liste d'étiquettes quelconques pour un cours -->
        <course id="Développement-Web" label="L3-INFORMATIQUE,UE">
            <!-- les parties du cours -->
            <!-- au moins une partie par cours -->
            <!-- chaque partie comprend un ensemble de classes et prescrit un ensemble de ressources requises et possibles -->
            <!-- `nrSessions` : nombre de séances à dispenser pour chacune des classes de la partie -->
                <!-- `nrSessions>=1` -->
                <!-- chaque séance de classe est implicitement identifiée par un entier dans la plage `1..nrSessions` -->
            <!-- `sessionLength` : durée de chaque séance en nombre de créneaux consécutifs -->
            <!-- `sessionRooms` : mode de sélection d'une salle par session -->
            	<!-- `none` : pas de salle -->
            	<!-- `single` : une seule salle par session, toute la classe doit tenir dans la salle -->
            	<!-- `multiple` : autant de salles que nécessaire : les groupes d'une même classe pourront être dans des salles différentes -->
            <!-- `sessionTeachers` : nombre d'enseignants différents par séance -->
                <!-- `length>=1` -->
            <!-- `label` (optionnel) : étiquette ou liste d'étiquettes quelconques pour une partie -->
            <part id="Développement-Web-CM" nrSessions="12" sessionLength="1" label="CM">
                <!-- les classes de la partie et leurs groupes -->
                <!-- au moins une classe par partie, au moins un groupe par classe -->
                <!-- les classes de la partie partitionnent l'ensemble des groupes listés dans la partie -->
                <!-- les séances d'une classe sont chacune dispensées à tous les groupes de la classe -->
                <!-- les contraintes de programmation de séances se formulent par contraintes -->
                <classes>
                    <class id="Développement-Web-CM1">
                        <group refId="1-td1-tp1-pq" />
                        <group refId="2-td1-tp3-ps" />
                        <group refId="3-td2-tp2-is" />
                        <group refId="4-td2-tp2-qs" />
                    </class>
                </classes>

                <!-- pas d'équipements requis -->

                <!-- le pool de salles possibles ou requises pour toutes les classes -->
                <!-- la politique d'allocation de salles aux classes ou aux séances de classes se formule par contraintes -->
                    <!-- par exemple, placement d'une classe particulière dans une salle particulière -->
                    <!-- par exemple, placement des séances d'une classe dans la (les) même(s) salle(s) -->
                <allowedRooms sessionRooms="single">
                    <!-- `mandatory` (true|false) : (défaut: false) la salle doit-elle être utilisée obligatoirement -->
                    <room refId="AMPHI-A" />
                    <room refId="AMPHI-B" />
                </allowedRooms>

                <!-- le pool d'enseignants possibles ou requis pour les classes -->
                <!-- la politique d'attribution des classes ou séances de classes aux enseignants se formule par contraintes -->
                    <!-- par exemple, attribution d'une classe particulière à un enseignant particulier -->
                    <!-- par exemple, attribution des séances d'une classe au(x) même(s) enseignant(s) -->
                <allowedTeachers sessionTeachers="1">
                    <teacher refId="LESAINT David" nrSessions="12" />
                </allowedTeachers>
            </part>
 
            <part id="Développement-Web-TP" nrSessions="8" sessionLength="2" label="TP,TP1">
                <classes>
                    <class id="Développement-Web-TP1">
                        <group refId="1-td1-tp1-pq" />
                    </class>
                    <class id="Développement-Web-TP2">
                        <group refId="3-td2-tp2-is" />
                        <group refId="4-td2-tp2-qs" />
                    </class>
                    <class id="Développement-Web-TP3">
                        <group refId="2-td1-tp3-ps" />
                    </class>
                </classes>                
                
                <allowedRooms sessionRooms="single">
                    <room refId="H001" />
                    <room refId="H002" />
                    <room refId="H003" />
                </allowedRooms>
                
                <allowedTeachers sessionTeachers="1">
                    <teacher refId="LESAINT David" nrSessions="12" />
                    <teacher refId="JAMIN Antoine" nrSessions="12" />
                </allowedTeachers>
            </part>

                    
            <part id="reunion-rentree-l3" nrSessions="1" sessionLength="2" label="reunion">
                <classes>
                    <class id="reunion-rentree-l3-1">
                        <group refId="1-td1-tp1-pq" />
                        <group refId="3-td2-tp2-is" />
                        <group refId="4-td2-tp2-qs" />
                        <group refId="2-td1-tp3-ps" />
                    </class>
                </classes>
                <allowedRooms sessionRooms="single">
                    <room refId="AMPHI-A" />
                    <room refId="AMPHI-B" />
                </allowedRooms>                   
                <allowedTeachers sessionTeachers="1">
                    <teacher refId="LESAINT David" nrSessions="1" />
                </allowedTeachers>       
            </part>

            <part id="Développement-Web-PR" nrSessions="8" sessionLength="3" label="PR">
                <classes>
                    <class id="Développement-Web-PR1">
                        <group refId="1-td1-tp1-pq" />
                        <group refId="3-td2-tp2-is" />
                        <group refId="4-td2-tp2-qs" />
                        <group refId="2-td1-tp3-ps" />
                    </class>
                </classes>
                <allowedRooms sessionRooms="multiple">
                    <room refId="H001" mandatory="true"/>
                    <room refId="H002" mandatory="true"/>
                    <room refId="H003" />
                </allowedRooms>
                <!-- Pas d'enseignant pour les projets -->
            </part>
        </course>
    </courses>
    
    <constraints>
        <!-- les séances d'une classe du cours Développement-Web sont séquencées dans l'ordre conventionnel -->
        <constraintCollection>
            <!-- chaque portée regroupe les séances d'une classe du cours ciblé selon l'ordre conventionnel de leurs indices -->
            <sessions groupBy="class">
                <filter type="course" attributeName="id" in="Développement-Web"/>
            </sessions>
            <!-- chaque contrainte est dure -->
            <!-- le prédicat `sequenced` impose le séquencement (sans chevauchement) des séances qui se suivent dans sa portée -->
            <constraint name="sequenced" type="hard">
            </constraint> 
        </constraintCollection>

        <!-- les séances d'une classe de la partie Développement-Web-CM, à l'exclusion des séances 2 et 3, sont hebdomadaires et programmées sur le même créneau -->
        <constraintCollection>
            <!-- chaque portée regroupe les séances d'une classe de la partie ciblée selon l'ordre indiqué -->
            <sessions groupBy="class" sessionsMask="1,4-12"><!-- `sessionsMask` (optionnel) : filtre sur les indices de séances -->
                <filter type="part" attributeName="id" in="Développement-Web-CM"/>
            </sessions>
            <!-- le prédicat `weekly` impose une programmation hebdomadaire sur le même créneau aux séances de sa portée -->
            <constraint name="weekly" type="hard">
            </constraint> 
        </constraintCollection>

        <!-- les séances d'une classe de la partie Développement-Web-TP ainsi que Développement-Web-PR sont hebdomadaires et programmées sur le même créneau -->
        <constraintCollection>
            <!-- chaque portée regroupe les séances d'une classe des parties ciblées selon l'ordre conventionnel de leurs indices -->
            <sessions groupBy="class">
                <filter type="part" attributeName="id" in="Développement-Web-TP,Développement-Web-PR"/>
            </sessions>
            <!-- le prédicat `weekly` impose une programmation hebdomadaire sur le même créneau aux séances de sa portée -->
             <constraint name="weekly" type="hard">
            </constraint> 
        </constraintCollection>

        <!-- les séances 1 des classes de la partie Développement-Web-TP sont dispensées en même semaine -->
        <constraintCollection>
            <!-- chaque portée regroupe les séances de la partie ciblée dont les indices satisfont au critère `in` -->
            <sessions groupBy="part" sessionsMask="1">
                <filter type="part" attributeName="id" in="Développement-Web-TP"/>
             </sessions>
            <!-- le prédicat `sameWeek` impose une programmation en même semaine aux séances de sa portée -->
            <constraint name="sameWeek" type="hard">
            </constraint>
        </constraintCollection>
 
        <!-- les séances 5 des classes de la partie Développement-Web-TP sont dispensées en parallèle (TP noté) -->
        <constraintCollection>
            <!-- chaque portée regroupe les séances de la partie ciblée dont les indices satisfont au critère `in` -->
            <sessions groupBy="part" sessionsMask="5">
                <filter type="part" attributeName="id" in="Développement-Web-TP"/>
             </sessions>
            <!-- le prédicat `sameSlots` impose une programmation sur les mêmes créneaux aux séances de sa portée -->
            <constraint name="sameSlots" type="hard">
            </constraint>
        </constraintCollection>

        <!-- la séance 1 de toute classe de la partie Développement-Web-CM précède la séance 1 de toute classe de la partie Développement-Web-PR -->
        <constraintCollection>
            <!-- chaque portée regroupe les paires de séances dont les indices satisfont aux critères `in` pour les paires de parties ciblées -->
            <sessions groupBy="session" sessionsMask="1">
                <filter type="part" attributeName="id" in="Développement-Web-CM"/>
             </sessions>
            <sessions groupBy="session" sessionsMask="1">
                <filter type="part" attributeName="id" in="Développement-Web-PR"/>
             </sessions>
            <!-- le prédicat `sequenced` impose le séquencement (sans chevauchement) des séances qui se suivent dans sa portée -->
            <constraint name="sequenced" type="hard">
            </constraint>
        </constraintCollection>

        <!-- la séance 3 de toute classe de la partie Développement-Web-CM précède la séance 1 de toute classe de la partie Développement-Web-TP -->
        <constraintCollection>
            <!-- chaque portée regroupe les paires de séances dont les indices satisfont aux critères `in` pour les paires de parties ciblées -->
            <sessions groupBy="session" sessionsMask="3">
                <filter type="part" attributeName="id" in="Développement-Web-CM"/>
             </sessions>
            <sessions groupBy="session" sessionsMask="1">
                <filter type="part" attributeName="id" in="Développement-Web-TP"/>
             </sessions>
            <!-- le prédicat `sequenced` impose le séquencement (sans chevauchement) des séances qui se suivent dans sa portée -->
            <constraint name="sequenced" type="hard">
            </constraint>
        </constraintCollection>

        <!-- les séances d'une classe du cours Développement-Web, à l'exception des classes de la partie Développement-Web-PR, sont dispensées dans les mêmes salles -->
        <constraintCollection>
            <!-- chaque portée regroupe les séances d'une classe d'une partie du cours ciblé selon l'ordre conventionnel de leurs indices -->
            <sessions groupBy="class">
                <filter type="course" attributeName="id" in="Développement-Web"/>
                <filter type="part" attributeName="label" notIn="PR"/>
             </sessions>
            <!-- le prédicat `sameRooms` impose le placement dans les mêmes salles des séances de sa portée -->
            <constraint name="sameRooms" type="hard">
            </constraint>
        </constraintCollection>

        <!-- les séances d'une classe du cours Développement-Web sont dispensées par les mêmes enseignants -->
        <constraintCollection>
            <sessions groupBy="class">
                <!--<filter type="course" attributeName="id" in="Développement-Web"/>-->
                <filter type="part" attributeName="label" in="PR,TP"/>
             </sessions>
            <!-- le prédicat `sameTeachers` impose l'attribution des séances de sa portée aux mêmes enseignants -->
            <constraint name="sameTeachers" type="hard">
                <parameters>
                 <parameter type="teacher" name="rooms">BATIMENT-A,BATIMENT-H,BATIMENT-A,BATIMENT-H</parameter>
                </parameters>
            </constraint>
        </constraintCollection>

        <!-- TODO Expliciter la répartition des profs lorsque plusieurs interviennent sur une même classe -->
        <constraintCollection>
            <!--
            <sessions groupBy="session">
                <filter type="class" attributeName="id" in="Développement-Web-TP1"/>
            </sessions>
            <sessions groupBy="session">
                <filter type="class" attributeName="id" in="Développement-Web-TP2"/>
            </sessions>
            <sessions groupBy="session">
                <filter type="class" attributeName="id" in="Développement-Web-TP3"/>
            </sessions>
            -->
            
            <sessions groupBy="class">
                <filter type="class" attributeName="id" in="Développement-Web-TP1"/>
            </sessions>
            <sessions groupBy="class">
                <filter type="class" attributeName="id" in="Développement-Web-TP2"/>
            </sessions>
            <sessions groupBy="class">
                <filter type="class" attributeName="id" in="Développement-Web-TP3"/>
            </sessions>
            
            <constraint name="teacherRepartition" type="hard">
            	<parameters>
                    <parameter type="teacher" name="class1">single</parameter><!-- sameteacher -->
                    <parameter type="teacher" name="class2">single</parameter>
                    <parameter type="teacher" name="class3">half-half</parameter><!-- répartition des sessions sum prof classe = nb -->
                    <parameter type="teacher" name="rooms">BATIMENT-A,BATIMENT-H,BATIMENT-H</parameter>
                </parameters>
                <!-- ou entre les != -->
            </constraint> 
        </constraintCollection>

        <constraintCollection>
            <sessions groupBy="session">
                <filter type="group" attributeName="label" in="L3-INFORMATIQUE"/>
            </sessions>
            <!-- période de révision de 3 jours sur la plage `10*40+4*8+1..11*40+8*2` pour tous les groupes L3-INFORMATIQUE -->
            <!-- le prédicat `forbiddenSlots` interdit la plage `first..last` aux séances de sa portée -->
            <constraint name="forbiddenSlots" type="hard">
                <parameters>
                    <parameter type="slot" name="first">1</parameter><!-- `slot=1..nrWeeks * daysPerWeek * slotsPerDay` -->
                    <parameter type="slot" name="last">3</parameter>
                </parameters>
            </constraint>
        </constraintCollection>


        <constraintCollection>
            <sessions groupBy="session">
                <filter type="part" attributeName="id" in="reunion-rentree-l3"/>
            </sessions>
            <!-- LA réunion de rentrée se fait le premier lundi matin à 8h00  -->
            <constraint name="allocateSlot" type="hard">
                <parameters>
                    <parameter type="slot" name="slot">4</parameter>
                </parameters>
            </constraint>
        </constraintCollection>

        
        <constraintCollection>
            <sessions groupBy="group">
            </sessions>
            <constraint name="notConsecutiveRooms" type="hard">
                <parameters>
                    <parameter type="dailySlot" name="minSlot">1</parameter>
                    <parameter type="dailySlot" name="maxSlot">8</parameter>
                    <parameter type="roomLabels" name="rooms">BATIMENT-A,BATIMENT-H</parameter>
                </parameters>
            </constraint> 
        </constraintCollection>


        <constraintCollection>
        	<sessions groupBy="teacher">
        	</sessions>
            <!-- 2 séances quotidiennes au plus sur la plage "repas" par groupe L3-INFORMATIQUE -->
            <!-- le prédicat `atMostDaily` limite à `count` le nombre maximum de séances de sa portée qui sont programmées quotidiennement sur la plage `first..last` -->
            <constraint name="atMostDaily" type="hard">
                <parameters>
                    <parameter type="dailySlots" name="count">1</parameter><!-- `dailySlots=0..slotsPerDay` -->
                    <parameter type="dailySlot" name="first">3</parameter><!-- `dailySlot=1..slotsPerDay` --><!-- paramètre optionnel de valeur par défaut égale à `min(dailySlots)` -->
                    <parameter type="dailySlot" name="last">4</parameter><!-- paramètre optionnel de valeur par défaut égale à `max(dailySlots)` -->
                </parameters>
            </constraint> 
        </constraintCollection>

    </constraints>
</timetabling>
