<?xml version="1.0"?>
<timetabling noNamespaceSchemaLocation="usp_timetabling_v0_1.xsd" name="ua_l3info_20s6_w12d5s8_e0r5t2g4_s44_dw" nrWeeks="12" nrDaysPerWeek="5" nrSlotsPerDay="8"><calendar>
        <startingYear>2021-01-04</startingYear>
        <weeks>
            <week>1</week>
            <week>2</week>
            <week>3</week>
            <week>4</week>
            <week>5</week>
            <week>6</week>
            <week>7</week>
            <week>8</week><!-- semaine 9 de vacances-->
            <week>10</week>
            <week>11</week>
            <week>12</week>
            <week>13</week>
        </weeks>
        <weekDays>
            <weekDay>1</weekDay>
            <weekDay>2</weekDay>
            <weekDay>3</weekDay>
            <weekDay>4</weekDay>
            <weekDay>5</weekDay>
        </weekDays>
        <daySlotTimes duration="80">
            <daySlotTime>08:00:00</daySlotTime>
            <daySlotTime>09:30:00</daySlotTime>
            <daySlotTime>11:00:00</daySlotTime>
            <daySlotTime>12:30:00</daySlotTime>
            <daySlotTime>14:00:00</daySlotTime>
            <daySlotTime>15:30:00</daySlotTime>
            <daySlotTime>17:00:00</daySlotTime>
            <daySlotTime>18:30:00</daySlotTime>
        </daySlotTimes>
    </calendar><solutions><solution session="1" course="D&#xC3;&#xA9;veloppement-Web" part="D&#xC3;&#xA9;veloppement-Web-CM" class="D&#xC3;&#xA9;veloppement-Web-CM1">
<chooseTeachers><teacher refId="LESAINT David"/></chooseTeachers><chooseRooms><room refId="AMPHI-A"/></chooseRooms><class><group refId="1-td1-tp1-pq"/><group refId="2-td1-tp3-ps"/><group refId="3-td2-tp2-is"/><group refId="4-td2-tp2-qs"/></class><schedule slot="6" sessionLength="1&#13;"/></solution><solution session="2" course="D&#xC3;&#xA9;veloppement-Web" part="D&#xC3;&#xA9;veloppement-Web-CM" class="D&#xC3;&#xA9;veloppement-Web-CM1">
<chooseTeachers><teacher refId="LESAINT David"/></chooseTeachers><chooseRooms><room refId="AMPHI-A"/></chooseRooms><class><group refId="1-td1-tp1-pq"/><group refId="2-td1-tp3-ps"/><group refId="3-td2-tp2-is"/><group refId="4-td2-tp2-qs"/></class><schedule slot="7" sessionLength="1&#13;"/></solution><solution session="3" course="D&#xC3;&#xA9;veloppement-Web" part="D&#xC3;&#xA9;veloppement-Web-CM" class="D&#xC3;&#xA9;veloppement-Web-CM1">
<chooseTeachers><teacher refId="LESAINT David"/></chooseTeachers><chooseRooms><room refId="AMPHI-A"/></chooseRooms><class><group refId="1-td1-tp1-pq"/><group refId="2-td1-tp3-ps"/><group refId="3-td2-tp2-is"/><group refId="4-td2-tp2-qs"/></class><schedule slot="8" sessionLength="1&#13;"/></solution><solution session="4" course="D&#xC3;&#xA9;veloppement-Web" part="D&#xC3;&#xA9;veloppement-Web-CM" class="D&#xC3;&#xA9;veloppement-Web-CM1">
<chooseTeachers><teacher refId="LESAINT David"/></chooseTeachers><chooseRooms><room refId="AMPHI-A"/></chooseRooms><class><group refId="1-td1-tp1-pq"/><group refId="2-td1-tp3-ps"/><group refId="3-td2-tp2-is"/><group refId="4-td2-tp2-qs"/></class><schedule slot="46" sessionLength="1&#13;"/></solution><solution session="5" course="D&#xC3;&#xA9;veloppement-Web" part="D&#xC3;&#xA9;veloppement-Web-CM" class="D&#xC3;&#xA9;veloppement-Web-CM1">
<chooseTeachers><teacher refId="LESAINT David"/></chooseTeachers><chooseRooms><room refId="AMPHI-A"/></chooseRooms><class><group refId="1-td1-tp1-pq"/><group refId="2-td1-tp3-ps"/><group refId="3-td2-tp2-is"/><group refId="4-td2-tp2-qs"/></class><schedule slot="86" sessionLength="1&#13;"/></solution><solution session="6" course="D&#xC3;&#xA9;veloppement-Web" part="D&#xC3;&#xA9;veloppement-Web-CM" class="D&#xC3;&#xA9;veloppement-Web-CM1">
<chooseTeachers><teacher refId="LESAINT David"/></chooseTeachers><chooseRooms><room refId="AMPHI-A"/></chooseRooms><class><group refId="1-td1-tp1-pq"/><group refId="2-td1-tp3-ps"/><group refId="3-td2-tp2-is"/><group refId="4-td2-tp2-qs"/></class><schedule slot="126" sessionLength="1&#13;"/></solution><solution session="7" course="D&#xC3;&#xA9;veloppement-Web" part="D&#xC3;&#xA9;veloppement-Web-CM" class="D&#xC3;&#xA9;veloppement-Web-CM1">
<chooseTeachers><teacher refId="LESAINT David"/></chooseTeachers><chooseRooms><room refId="AMPHI-A"/></chooseRooms><class><group refId="1-td1-tp1-pq"/><group refId="2-td1-tp3-ps"/><group refId="3-td2-tp2-is"/><group refId="4-td2-tp2-qs"/></class><schedule slot="166" sessionLength="1&#13;"/></solution><solution session="8" course="D&#xC3;&#xA9;veloppement-Web" part="D&#xC3;&#xA9;veloppement-Web-CM" class="D&#xC3;&#xA9;veloppement-Web-CM1">
<chooseTeachers><teacher refId="LESAINT David"/></chooseTeachers><chooseRooms><room refId="AMPHI-A"/></chooseRooms><class><group refId="1-td1-tp1-pq"/><group refId="2-td1-tp3-ps"/><group refId="3-td2-tp2-is"/><group refId="4-td2-tp2-qs"/></class><schedule slot="206" sessionLength="1&#13;"/></solution><solution session="9" course="D&#xC3;&#xA9;veloppement-Web" part="D&#xC3;&#xA9;veloppement-Web-CM" class="D&#xC3;&#xA9;veloppement-Web-CM1">
<chooseTeachers><teacher refId="LESAINT David"/></chooseTeachers><chooseRooms><room refId="AMPHI-A"/></chooseRooms><class><group refId="1-td1-tp1-pq"/><group refId="2-td1-tp3-ps"/><group refId="3-td2-tp2-is"/><group refId="4-td2-tp2-qs"/></class><schedule slot="246" sessionLength="1&#13;"/></solution><solution session="10" course="D&#xC3;&#xA9;veloppement-Web" part="D&#xC3;&#xA9;veloppement-Web-CM" class="D&#xC3;&#xA9;veloppement-Web-CM1">
<chooseTeachers><teacher refId="LESAINT David"/></chooseTeachers><chooseRooms><room refId="AMPHI-A"/></chooseRooms><class><group refId="1-td1-tp1-pq"/><group refId="2-td1-tp3-ps"/><group refId="3-td2-tp2-is"/><group refId="4-td2-tp2-qs"/></class><schedule slot="286" sessionLength="1&#13;"/></solution><solution session="11" course="D&#xC3;&#xA9;veloppement-Web" part="D&#xC3;&#xA9;veloppement-Web-CM" class="D&#xC3;&#xA9;veloppement-Web-CM1">
<chooseTeachers><teacher refId="LESAINT David"/></chooseTeachers><chooseRooms><room refId="AMPHI-A"/></chooseRooms><class><group refId="1-td1-tp1-pq"/><group refId="2-td1-tp3-ps"/><group refId="3-td2-tp2-is"/><group refId="4-td2-tp2-qs"/></class><schedule slot="326" sessionLength="1&#13;"/></solution><solution session="12" course="D&#xC3;&#xA9;veloppement-Web" part="D&#xC3;&#xA9;veloppement-Web-CM" class="D&#xC3;&#xA9;veloppement-Web-CM1">
<chooseTeachers><teacher refId="LESAINT David"/></chooseTeachers><chooseRooms><room refId="AMPHI-A"/></chooseRooms><class><group refId="1-td1-tp1-pq"/><group refId="2-td1-tp3-ps"/><group refId="3-td2-tp2-is"/><group refId="4-td2-tp2-qs"/></class><schedule slot="366" sessionLength="1&#13;"/></solution><solution session="1" course="D&#xC3;&#xA9;veloppement-Web" part="D&#xC3;&#xA9;veloppement-Web-TP" class="D&#xC3;&#xA9;veloppement-Web-TP1">
<chooseTeachers><teacher refId="LESAINT David"/></chooseTeachers><chooseRooms><room refId="H001"/></chooseRooms><class><group refId="1-td1-tp1-pq"/></class><schedule slot="13" sessionLength="2&#13;"/></solution><solution session="2" course="D&#xC3;&#xA9;veloppement-Web" part="D&#xC3;&#xA9;veloppement-Web-TP" class="D&#xC3;&#xA9;veloppement-Web-TP1">
<chooseTeachers><teacher refId="LESAINT David"/></chooseTeachers><chooseRooms><room refId="H001"/></chooseRooms><class><group refId="1-td1-tp1-pq"/></class><schedule slot="53" sessionLength="2&#13;"/></solution><solution session="3" course="D&#xC3;&#xA9;veloppement-Web" part="D&#xC3;&#xA9;veloppement-Web-TP" class="D&#xC3;&#xA9;veloppement-Web-TP1">
<chooseTeachers><teacher refId="LESAINT David"/></chooseTeachers><chooseRooms><room refId="H001"/></chooseRooms><class><group refId="1-td1-tp1-pq"/></class><schedule slot="93" sessionLength="2&#13;"/></solution><solution session="4" course="D&#xC3;&#xA9;veloppement-Web" part="D&#xC3;&#xA9;veloppement-Web-TP" class="D&#xC3;&#xA9;veloppement-Web-TP1">
<chooseTeachers><teacher refId="LESAINT David"/></chooseTeachers><chooseRooms><room refId="H001"/></chooseRooms><class><group refId="1-td1-tp1-pq"/></class><schedule slot="133" sessionLength="2&#13;"/></solution><solution session="5" course="D&#xC3;&#xA9;veloppement-Web" part="D&#xC3;&#xA9;veloppement-Web-TP" class="D&#xC3;&#xA9;veloppement-Web-TP1">
<chooseTeachers><teacher refId="LESAINT David"/></chooseTeachers><chooseRooms><room refId="H001"/></chooseRooms><class><group refId="1-td1-tp1-pq"/></class><schedule slot="173" sessionLength="2&#13;"/></solution><solution session="6" course="D&#xC3;&#xA9;veloppement-Web" part="D&#xC3;&#xA9;veloppement-Web-TP" class="D&#xC3;&#xA9;veloppement-Web-TP1">
<chooseTeachers><teacher refId="LESAINT David"/></chooseTeachers><chooseRooms><room refId="H001"/></chooseRooms><class><group refId="1-td1-tp1-pq"/></class><schedule slot="213" sessionLength="2&#13;"/></solution><solution session="7" course="D&#xC3;&#xA9;veloppement-Web" part="D&#xC3;&#xA9;veloppement-Web-TP" class="D&#xC3;&#xA9;veloppement-Web-TP1">
<chooseTeachers><teacher refId="LESAINT David"/></chooseTeachers><chooseRooms><room refId="H001"/></chooseRooms><class><group refId="1-td1-tp1-pq"/></class><schedule slot="253" sessionLength="2&#13;"/></solution><solution session="8" course="D&#xC3;&#xA9;veloppement-Web" part="D&#xC3;&#xA9;veloppement-Web-TP" class="D&#xC3;&#xA9;veloppement-Web-TP1">
<chooseTeachers><teacher refId="LESAINT David"/></chooseTeachers><chooseRooms><room refId="H001"/></chooseRooms><class><group refId="1-td1-tp1-pq"/></class><schedule slot="293" sessionLength="2&#13;"/></solution><solution session="1" course="D&#xC3;&#xA9;veloppement-Web" part="D&#xC3;&#xA9;veloppement-Web-TP" class="D&#xC3;&#xA9;veloppement-Web-TP2">
<chooseTeachers><teacher refId="LESAINT David"/></chooseTeachers><chooseRooms><room refId="H001"/></chooseRooms><class><group refId="3-td2-tp2-is"/><group refId="4-td2-tp2-qs"/></class><schedule slot="11" sessionLength="2&#13;"/></solution><solution session="2" course="D&#xC3;&#xA9;veloppement-Web" part="D&#xC3;&#xA9;veloppement-Web-TP" class="D&#xC3;&#xA9;veloppement-Web-TP2">
<chooseTeachers><teacher refId="LESAINT David"/></chooseTeachers><chooseRooms><room refId="H001"/></chooseRooms><class><group refId="3-td2-tp2-is"/><group refId="4-td2-tp2-qs"/></class><schedule slot="51" sessionLength="2&#13;"/></solution><solution session="3" course="D&#xC3;&#xA9;veloppement-Web" part="D&#xC3;&#xA9;veloppement-Web-TP" class="D&#xC3;&#xA9;veloppement-Web-TP2">
<chooseTeachers><teacher refId="LESAINT David"/></chooseTeachers><chooseRooms><room refId="H001"/></chooseRooms><class><group refId="3-td2-tp2-is"/><group refId="4-td2-tp2-qs"/></class><schedule slot="91" sessionLength="2&#13;"/></solution><solution session="4" course="D&#xC3;&#xA9;veloppement-Web" part="D&#xC3;&#xA9;veloppement-Web-TP" class="D&#xC3;&#xA9;veloppement-Web-TP2">
<chooseTeachers><teacher refId="LESAINT David"/></chooseTeachers><chooseRooms><room refId="H001"/></chooseRooms><class><group refId="3-td2-tp2-is"/><group refId="4-td2-tp2-qs"/></class><schedule slot="131" sessionLength="2&#13;"/></solution><solution session="5" course="D&#xC3;&#xA9;veloppement-Web" part="D&#xC3;&#xA9;veloppement-Web-TP" class="D&#xC3;&#xA9;veloppement-Web-TP2">
<chooseTeachers><teacher refId="JAMIN Antoine"/></chooseTeachers><chooseRooms><room refId="H001"/></chooseRooms><class><group refId="3-td2-tp2-is"/><group refId="4-td2-tp2-qs"/></class><schedule slot="171" sessionLength="2&#13;"/></solution><solution session="6" course="D&#xC3;&#xA9;veloppement-Web" part="D&#xC3;&#xA9;veloppement-Web-TP" class="D&#xC3;&#xA9;veloppement-Web-TP2">
<chooseTeachers><teacher refId="JAMIN Antoine"/></chooseTeachers><chooseRooms><room refId="H001"/></chooseRooms><class><group refId="3-td2-tp2-is"/><group refId="4-td2-tp2-qs"/></class><schedule slot="211" sessionLength="2&#13;"/></solution><solution session="7" course="D&#xC3;&#xA9;veloppement-Web" part="D&#xC3;&#xA9;veloppement-Web-TP" class="D&#xC3;&#xA9;veloppement-Web-TP2">
<chooseTeachers><teacher refId="JAMIN Antoine"/></chooseTeachers><chooseRooms><room refId="H001"/></chooseRooms><class><group refId="3-td2-tp2-is"/><group refId="4-td2-tp2-qs"/></class><schedule slot="251" sessionLength="2&#13;"/></solution><solution session="8" course="D&#xC3;&#xA9;veloppement-Web" part="D&#xC3;&#xA9;veloppement-Web-TP" class="D&#xC3;&#xA9;veloppement-Web-TP2">
<chooseTeachers><teacher refId="JAMIN Antoine"/></chooseTeachers><chooseRooms><room refId="H001"/></chooseRooms><class><group refId="3-td2-tp2-is"/><group refId="4-td2-tp2-qs"/></class><schedule slot="291" sessionLength="2&#13;"/></solution><solution session="1" course="D&#xC3;&#xA9;veloppement-Web" part="D&#xC3;&#xA9;veloppement-Web-TP" class="D&#xC3;&#xA9;veloppement-Web-TP3">
<chooseTeachers><teacher refId="JAMIN Antoine"/></chooseTeachers><chooseRooms><room refId="H001"/></chooseRooms><class><group refId="2-td1-tp3-ps"/></class><schedule slot="9" sessionLength="2&#13;"/></solution><solution session="2" course="D&#xC3;&#xA9;veloppement-Web" part="D&#xC3;&#xA9;veloppement-Web-TP" class="D&#xC3;&#xA9;veloppement-Web-TP3">
<chooseTeachers><teacher refId="JAMIN Antoine"/></chooseTeachers><chooseRooms><room refId="H001"/></chooseRooms><class><group refId="2-td1-tp3-ps"/></class><schedule slot="49" sessionLength="2&#13;"/></solution><solution session="3" course="D&#xC3;&#xA9;veloppement-Web" part="D&#xC3;&#xA9;veloppement-Web-TP" class="D&#xC3;&#xA9;veloppement-Web-TP3">
<chooseTeachers><teacher refId="JAMIN Antoine"/></chooseTeachers><chooseRooms><room refId="H001"/></chooseRooms><class><group refId="2-td1-tp3-ps"/></class><schedule slot="89" sessionLength="2&#13;"/></solution><solution session="4" course="D&#xC3;&#xA9;veloppement-Web" part="D&#xC3;&#xA9;veloppement-Web-TP" class="D&#xC3;&#xA9;veloppement-Web-TP3">
<chooseTeachers><teacher refId="JAMIN Antoine"/></chooseTeachers><chooseRooms><room refId="H001"/></chooseRooms><class><group refId="2-td1-tp3-ps"/></class><schedule slot="129" sessionLength="2&#13;"/></solution><solution session="5" course="D&#xC3;&#xA9;veloppement-Web" part="D&#xC3;&#xA9;veloppement-Web-TP" class="D&#xC3;&#xA9;veloppement-Web-TP3">
<chooseTeachers><teacher refId="JAMIN Antoine"/></chooseTeachers><chooseRooms><room refId="H001"/></chooseRooms><class><group refId="2-td1-tp3-ps"/></class><schedule slot="169" sessionLength="2&#13;"/></solution><solution session="6" course="D&#xC3;&#xA9;veloppement-Web" part="D&#xC3;&#xA9;veloppement-Web-TP" class="D&#xC3;&#xA9;veloppement-Web-TP3">
<chooseTeachers><teacher refId="JAMIN Antoine"/></chooseTeachers><chooseRooms><room refId="H001"/></chooseRooms><class><group refId="2-td1-tp3-ps"/></class><schedule slot="209" sessionLength="2&#13;"/></solution><solution session="7" course="D&#xC3;&#xA9;veloppement-Web" part="D&#xC3;&#xA9;veloppement-Web-TP" class="D&#xC3;&#xA9;veloppement-Web-TP3">
<chooseTeachers><teacher refId="JAMIN Antoine"/></chooseTeachers><chooseRooms><room refId="H001"/></chooseRooms><class><group refId="2-td1-tp3-ps"/></class><schedule slot="249" sessionLength="2&#13;"/></solution><solution session="8" course="D&#xC3;&#xA9;veloppement-Web" part="D&#xC3;&#xA9;veloppement-Web-TP" class="D&#xC3;&#xA9;veloppement-Web-TP3">
<chooseTeachers><teacher refId="JAMIN Antoine"/></chooseTeachers><chooseRooms><room refId="H001"/></chooseRooms><class><group refId="2-td1-tp3-ps"/></class><schedule slot="289" sessionLength="2&#13;"/></solution><solution session="1" course="D&#xC3;&#xA9;veloppement-Web" part="reunion-rentree-l3" class="reunion-rentree-l3-1">
<chooseTeachers><teacher refId="LESAINT David"/></chooseTeachers><chooseRooms><room refId="AMPHI-A"/></chooseRooms><class><group refId="1-td1-tp1-pq"/><group refId="2-td1-tp3-ps"/><group refId="3-td2-tp2-is"/><group refId="4-td2-tp2-qs"/></class><schedule slot="4" sessionLength="2&#13;"/></solution><solution session="1" course="D&#xC3;&#xA9;veloppement-Web" part="D&#xC3;&#xA9;veloppement-Web-PR" class="D&#xC3;&#xA9;veloppement-Web-PR1">
<chooseRooms><room refId="H001"/><room refId="H002"/><room refId="H003"/></chooseRooms><class><group refId="1-td1-tp1-pq"/><group refId="2-td1-tp3-ps"/><group refId="3-td2-tp2-is"/><group refId="4-td2-tp2-qs"/></class><schedule slot="15" sessionLength="3&#13;"/></solution><solution session="2" course="D&#xC3;&#xA9;veloppement-Web" part="D&#xC3;&#xA9;veloppement-Web-PR" class="D&#xC3;&#xA9;veloppement-Web-PR1">
<chooseRooms><room refId="H001"/><room refId="H002"/><room refId="H003"/></chooseRooms><class><group refId="1-td1-tp1-pq"/><group refId="2-td1-tp3-ps"/><group refId="3-td2-tp2-is"/><group refId="4-td2-tp2-qs"/></class><schedule slot="55" sessionLength="3&#13;"/></solution><solution session="3" course="D&#xC3;&#xA9;veloppement-Web" part="D&#xC3;&#xA9;veloppement-Web-PR" class="D&#xC3;&#xA9;veloppement-Web-PR1">
<chooseRooms><room refId="H001"/><room refId="H002"/><room refId="H003"/></chooseRooms><class><group refId="1-td1-tp1-pq"/><group refId="2-td1-tp3-ps"/><group refId="3-td2-tp2-is"/><group refId="4-td2-tp2-qs"/></class><schedule slot="95" sessionLength="3&#13;"/></solution><solution session="4" course="D&#xC3;&#xA9;veloppement-Web" part="D&#xC3;&#xA9;veloppement-Web-PR" class="D&#xC3;&#xA9;veloppement-Web-PR1">
<chooseRooms><room refId="H001"/><room refId="H002"/><room refId="H003"/></chooseRooms><class><group refId="1-td1-tp1-pq"/><group refId="2-td1-tp3-ps"/><group refId="3-td2-tp2-is"/><group refId="4-td2-tp2-qs"/></class><schedule slot="135" sessionLength="3&#13;"/></solution><solution session="5" course="D&#xC3;&#xA9;veloppement-Web" part="D&#xC3;&#xA9;veloppement-Web-PR" class="D&#xC3;&#xA9;veloppement-Web-PR1">
<chooseRooms><room refId="H001"/><room refId="H002"/><room refId="H003"/></chooseRooms><class><group refId="1-td1-tp1-pq"/><group refId="2-td1-tp3-ps"/><group refId="3-td2-tp2-is"/><group refId="4-td2-tp2-qs"/></class><schedule slot="175" sessionLength="3&#13;"/></solution><solution session="6" course="D&#xC3;&#xA9;veloppement-Web" part="D&#xC3;&#xA9;veloppement-Web-PR" class="D&#xC3;&#xA9;veloppement-Web-PR1">
<chooseRooms><room refId="H001"/><room refId="H002"/><room refId="H003"/></chooseRooms><class><group refId="1-td1-tp1-pq"/><group refId="2-td1-tp3-ps"/><group refId="3-td2-tp2-is"/><group refId="4-td2-tp2-qs"/></class><schedule slot="215" sessionLength="3&#13;"/></solution><solution session="7" course="D&#xC3;&#xA9;veloppement-Web" part="D&#xC3;&#xA9;veloppement-Web-PR" class="D&#xC3;&#xA9;veloppement-Web-PR1">
<chooseRooms><room refId="H001"/><room refId="H002"/><room refId="H003"/></chooseRooms><class><group refId="1-td1-tp1-pq"/><group refId="2-td1-tp3-ps"/><group refId="3-td2-tp2-is"/><group refId="4-td2-tp2-qs"/></class><schedule slot="255" sessionLength="3&#13;"/></solution><solution session="8" course="D&#xC3;&#xA9;veloppement-Web" part="D&#xC3;&#xA9;veloppement-Web-PR" class="D&#xC3;&#xA9;veloppement-Web-PR1">
<chooseRooms><room refId="H001"/><room refId="H002"/><room refId="H003"/></chooseRooms><class><group refId="1-td1-tp1-pq"/><group refId="2-td1-tp3-ps"/><group refId="3-td2-tp2-is"/><group refId="4-td2-tp2-qs"/></class><schedule slot="295" sessionLength="3&#13;"/></solution></solutions></timetabling>
